260	295	345	365	395	430	465	500	510	550	570	580	591	591	591	591	591
310	343	380	415	450	490	515	535	575	605	639	643	643	643	643	643	643
360	380	430	465	493	530	557	569	608	630	655	685	715	725	725	725	725
400	440	480	503	531	565	590	605	630	656	676	700	710	730	740	740	740
445	485	540	570	585	605	625	638	650	680	700	705	725	735	756	756	756
500	535	600	619	635	661	680	695	710	725	733	765	765	765	790	805	815
541	590	640	665	675	701	714	716	740	750	760	780	790	795	825	872	872
615	655	700	715	727	742	762	775	800	808	822	827	855	860	860	900	910
637	710	724	751	767	775	799	810	816	830	842	857	875	885	890	900	910
705	725	742	758	775	793	798	830	852	870	883	885	895	900	905	925	925
735	755	766	777	785	800	820	850	867	885	900	905	920	923	925	955	960
758	777	796	808	819	832	860	879	897	917	921	929	936	938	947	964	972
788	793	810	821	840	854	868	893	914	928	926	939	947	950	960	975	988
828	818	847	844	854	869	884	909	926	939	942	954	964	961	979	991	1000
868	861	864	860	869	894	905	925	940	950	959	970	982	975	994	1006	1015
910	904	880	875	883	920	925	940	954	960	977	985	1001	989	1010	1022	1030
959	955	898	893	900	951	949	958	971	972	998	1003	1023	1006	1028	1040	1048