14	10.5	7	6	5	4	3	2.5	1.5	1	0.5	0.5	0	0	0	0	0
14.5	11.5	9	8	7	6	4.5	3.5	3	2	1.5	1	1	0.52	0.0833	0	0
14.5	13	11	10	9	7.5	6	5	4	3.5	2.5	2	1.5	1.5	0.0833	0	0
15	13.5	12	11	10	9	7.5	6.5	5.5	4.5	3.5	3	2.5	2.02	0.5833	0.5	0.5
15	14	12.5	12	11	10	9	8	6.5	5.5	4.5	4	3	2.52	1.0833	1	1
15.5	14	13	12.5	11.5	10.5	10	9	8	7	6	5	4	3.52	2.0833	2	2
15.5	14.5	13.5	13	12	11.5	10.5	10	9	8	7	6	5	4.52	3.0833	3	3
16	15	14	13	12.5	12	11	10.5	9.5	8.5	8	7	6	5.52	4.0833	4	4
16	15	14	13.5	13	12.5	11.5	11	10	9.5	8.5	7.5	6.5	6.02	4.5833	4.5	4.5
16.5	15.5	14.5	14	13.5	13	12	11.5	10.5	10	9.5	8.5	7.5	7.02	5.5833	5.5	5.5
16.5	16	15	14.5	14	13.5	12.5	12	11	10.5	10	9	8	7.52	6.0833	6	6
17	16	15.5	15	14.5	14	13	12.5	11.5	11	10.5	9.5	8.5	8.02	6.5833	6.5	6.5
17	16.5	16	15.5	15	14.5	13.5	13	12	11.5	11	10	9	8.52	7.0833	7	7
17.5	17	16.5	16	15.5	15	14	13.5	12.5	12	11.5	10.5	9.5	9.02	7.5833	7.5	7.5
17.5	17.5	17	16.5	16	15.5	14.5	14	13	12.5	12	11	10	9.52	8.0833	8	8
18	17.5	17.5	17	16.5	15.5	15	14	13.5	13	12.5	11.5	10.5	10.02	8.5833	8.5	8.5
18	18	17.5	17	16.5	16	15	14.5	13.5	13	12.5	11.5	10.5	10.02	8.5833	8.5	8.5