255	220	220	220	220	220	220	220	230	200
310	230	230	230	285	320	320	320	250	250
350	250	250	250	305	340	340	340	270	400
10000	10000	10000	10000	10000	10000	10000	10000	10000	10000
430	420	420	420	420	420	420	420	420	420
565	460	460	460	460	460	460	460	460	450
630	480	480	480	480	480	480	480	480	500
10000	10000	10000	10000	10000	10000	10000	10000	10000	10000
555	510	510	510	510	510	510	510	510	510
715	550	550	550	550	550	550	550	550	550
952	570	570	570	570	570	570	570	570	625
10000	10000	10000	10000	10000	10000	10000	10000	10000	10000
630	650	650	650	650	650	650	650	650	660
730	730	730	730	730	730	730	730	730	670
1197	750	750	750	750	750	750	750	750	680
10000	10000	10000	10000	10000	10000	10000	10000	10000	10000
680	650	650	650	650	650	650	650	650	650
815	815	815	815	815	815	815	815	815	775
1550	835	835	835	835	835	835	835	835	825
10000	10000	10000	10000	10000	10000	10000	10000	10000	10000
905	880	880	880	880	880	880	880	880	880
1050	1050	1050	1050	1050	1050	1050	1050	1050	900
1800	1070	1070	1070	1070	1070	1070	1070	1070	950
10000	10000	10000	10000	10000	10000	10000	10000	10000	10000
1155	1120	1120	1120	1120	1120	1120	1120	1120	1100
1225	1225	1225	1225	1225	1225	1225	1225	1225	1175
1245	1245	1245	1245	1245	1245	1245	1245	1245	1200
10000	10000	10000	10000	10000	10000	10000	10000	10000	10000
1455	1420	1420	1420	1420	1420	1420	1420	1420	1200
1475	1475	1475	1475	1475	1475	1475	1475	1475	1225
1495	1495	1495	1495	1495	1495	1495	1495	1495	1250
10000	10000	10000	10000	10000	10000	10000	10000	10000	10000
10000	10000	10000	10000	10000	10000	10000	10000	10000	10000
10000	10000	10000	10000	10000	10000	10000	10000	10000	10000
10000	10000	10000	10000	10000	10000	10000	10000	10000	10000
10000	10000	10000	10000	10000	10000	10000	10000	10000	10000
10000	10000	10000	10000	10000	10000	10000	10000	10000	10000
10000	10000	10000	10000	10000	10000	10000	10000	10000	10000
10000	10000	10000	10000	10000	10000	10000	10000	10000	10000
10000	10000	10000	10000	10000	10000	10000	10000	10000	10000