61.71875	58.7890625	60.15625	55.95703125	43.1640625	41.40625	46.2890625	47.55859375	50.9765625	52.734375	55.17578125	55.859375	55.859375	51.46484375	58.30078125	65.234375	67.08984375
60.64453125	58.69140625	59.375	56.0546875	46.97265625	45.41015625	49.90234375	52.34375	55.46875	57.51953125	60.05859375	61.1328125	62.5	58.10546875	61.1328125	67.3828125	69.04296875
59.66796875	57.71484375	58.30078125	56.54296875	51.3671875	49.90234375	53.41796875	58.203125	59.86328125	62.20703125	64.94140625	66.30859375	69.23828125	64.94140625	63.96484375	69.53125	70.80078125
58.30078125	56.25	57.12890625	56.4453125	48.125	43.047	47.918	52.445	64.16015625	66.9921875	69.921875	71.58203125	75.9765625	71.58203125	73.046875	71.77734375	72.75390625
63.37890625	63.37890625	41.466	48.672	45.234	50.469	51.589	53.021	60.65	64.84375	66.2109375	67.578125	69.23828125	69.53125	70.5078125	74.21875	74.90234375
61.5234375	48.379	39.666	44.063	49.317	47.684	51.148	55.033	57.936	60.83984375	62.109375	64.74609375	66.50390625	68.5546875	71.19140625	74.70703125	75.29296875
59.47265625	43.203	46.384	48.984	50.593	51.848	51.55	60.879	60.228	61.03515625	62.3046875	64.94140625	66.015625	69.62890625	72.265625	74.90234375	75.78125
51.009	50.592	65.505	56.605	60.356	57.149	67.288	67.769	59.86328125	60.7421875	61.5234375	64.35546875	68.359375	73.4375	75.87890625	77.44140625	78.61328125
50.846	53.411	67.078	48.046875	57.421875	64.056	60.68	67.375	59.47265625	67.3828125	68.06640625	69.921875	70.8984375	71.6796875	75.390625	78.515625	79.4921875
57.762	60.453	66.561	52.1484375	67.3828125	57.2265625	61.469	67.266	67.266	67.67578125	69.82421875	71.38671875	73.4375	70.80078125	74.4140625	77.734375	79.8828125
62.6953125	73.828125	63.96484375	56.73828125	62.01171875	54.98046875	59.765625	67.1875	67.7734375	71.19140625	72.65625	73.53515625	75.390625	72.55859375	73.14453125	77.734375	78.41796875
75.48828125	79.00390625	68.06640625	69.43359375	67.96875	69.53125	68.65234375	69.7265625	69.82421875	73.2421875	75	77.24609375	77.63671875	76.5625	77.34375	77.83203125	78.7109375
76.953125	76.171875	74.4140625	76.26953125	72.8515625	70.703125	72.0703125	73.2421875	71.2890625	74.4140625	76.3671875	78.41796875	79.4921875	80.17578125	79.39453125	80.46875	80.46875
77.9296875	77.05078125	77.63671875	76.171875	75.87890625	72.36328125	74.51171875	75.29296875	73.33984375	76.5625	77.1484375	80.37109375	81.4453125	83.203125	82.2265625	81.640625	82.32421875
78.80859375	77.9296875	78.80859375	77.44140625	79.19921875	75.68359375	77.9296875	77.5390625	75.87890625	77.734375	80.17578125	82.8125	83.0078125	84.86328125	83.3984375	81.73828125	82.51953125
79.6875	79.00390625	79.98046875	78.80859375	80.95703125	77.5390625	79.296875	79.8828125	78.515625	79.98046875	82.8125	82.51953125	83.7890625	83.3984375	81.4453125	79.296875	80.46875
80.2734375	80.078125	81.0546875	80.17578125	82.8125	79.19921875	80.95703125	82.71484375	81.25	82.8125	86.03515625	85.546875	84.66796875	86.71875	85.25390625	81.93359375	82.71484375