60.938	57.52	59.668	54.102	41.211	39.063	45.117	46.777	47.656	51.074	51.465	55.664	56.706	58.346	69.006	71.114	71.114
59.766	57.422	58.594	54.199	45.117	43.164	48.73	51.367	52.637	55.664	57.031	60.742	61.184	61.133	70.565	72.724	72.724
58.496	56.25	57.324	54.785	49.707	47.949	52.246	56.836	57.422	60.156	62.5	65.788	65.418	63.897	72.034	74.232	74.232
57.031	54.59	56.055	54.785	47.869	42.539	45.547	49.004	62.207	64.746	67.969	70.866	73.041	72.957	73.592	75.842	75.842
62.012	61.621	40.192	47.344	44.297	48.984	50.043	51.833	59.471	63.379	64.844	66.732	68.688	70.395	75.256	77.552	77.552
60.645	46.172	38.203	42.969	45.362	42.911	47.631	49.886	55.775	60.156	61.523	64.128	67.345	70.974	75.346	77.652	77.652
59.082	42.279	44.915	43.178	43.986	47.713	50.241	55.788	54.407	60.742	62.012	64.193	68.252	72.078	75.745	78.055	78.055
45.103	47.754	63.147	50.525	56.996	57.152	63.951	62.697	59.863	60.059	60.938	65.039	72.194	75.744	79.366	81.776	81.776
45.235	50.866	65.618	47.266	55.469	65.793	61.547	63.158	59.57	65.137	66.406	69.987	73.176	75.255	80.623	83.084	83.084
48.47	54.871	67.366	51.367	65.234	60.354	64.577	67.711	66.5	67.285	68.945	71.208	73.721	74.279	81.038	83.587	83.587
61.426	73.828	61.328	52.9	70.854	67.464	71.88	72.803	67.773	71.582	72.656	75.244	76.08	73.257	82.292	84.794	84.794
74.023	77.441	67.48	68.555	70.854	68.75	71.88	72.803	70.117	73.242	74.805	78.027	79.934	77.539	83.508	86.001	86.001
75.391	74.609	73.926	75.098	71.875	70.703	72.363	73.535	71.289	74.609	76.563	80.094	82.157	79.65	84.513	87.007	87.007
76.27	75.586	77.441	75	74.707	71.875	74.023	75.488	73.242	76.27	77.246	82.048	84.185	82.467	85.295	87.812	87.812
77.246	76.465	78.711	76.367	77.93	78.223	78.223	78.711	75.781	77.637	80.078	83.594	85.115	83.616	85.392	87.912	87.912
78.125	77.344	79.785	77.637	79.688	79.98	80.859	79.883	78.418	79.688	80.371	81.657	82.508	83.263	81.266	83.688	83.688
78.711	78.516	80.859	78.906	81.445	81.738	84.375	81.445	81.152	82.324	84.57	85.189	85.821	85.337	85.494	88.013	88.013